S.No.,Song,Artist,Sequence Number,Lyrics
1,Shiv Kailasho Ke Wasi,Ashish,1,"Shiv Kailashon Ke Waasi,
Dhauli Dhaaron Ke Raja,
Shankar Sankat Harna,
Shankar Sankat Harna,
Shiv Kailashon Ke Waasi,
Dhauli Dhaaron Ke Raja,
Shankar Sankat Harna,
Shankar Sankat Harna

Tere Kailaashon Ka Ant Na Paaya,
Tere Kailaashon Ka Ant Na Paaya,
Ant Beyant Teri Maaya, O Bhole Baba,
Ant Beyant Teri Maaya,
Shankar Sankat Harna,
Shankar Sankat Harna,
Shiv Kailashon Ke Waasi,
Dhauli Dhaaron Ke Raja,
Shankar Sankat Harna,
Shankar Sankat Harna

Bel Ki Pattiaan, Bhaang Dhatura,
Bel Ki Pattiaan, Bhaang Dhatura,
Shiv ji Ke Mann Ko Lubhaaye,
O Bhole Baba,
Shiv Ji Ke Mann Ko Lubhaaye..
Shankar Sankat Harna,
Shiv Kailashon Ke Waasi,
Dhauli Dhaaron Ke Raja,
Shankar Sankat Harna,
Shankar Sankat Harna

Ek Tha Dera Tera, Chambe de Chougaana,
Ek Tha Dera Tera, Chambe de Chougaana,
Dooja Laai Baitha Bharmora,
O Bhole Baba Dooja Laai Baitha Bharmora,
Shankar Sankat Harna,
Shiv Kailashon Ke Waasi,
Dhauli Dhaaron Ke Raja,
Shankar Sankat Harna,
Shankar Sankat Harna....
Shiv Kailashon Ke Waasi,
Dhauli Dhaaron Ke Raja,
Shankar Sankat Harna,
Shankar Sankat Harna.........!"
2,Rahgir Kachcha Ghada,Akash,2,"Ek kachha ghada hu main
Ek kachha ghada hu main
Fir bhi barsaat mein
Khada hu main

Boonde bereham hai
Unko yeh vehem hai
Ki main toot raha hu
Jo main cheekh raha hu…

Par wo bewakoof hai
Main to seekh raha hu
Aise pehle bhi lada hu main
Ek kachha ghada hu main

Hum wo hai jo kismat ke
Chanton ke shor pe nachte hai
Hum wo hai jo kismat ke
Chanton ke shor pe nachte hai
Jitni jor ka chanta
Hum utni jor se nachte hai

Ye jo khisak khisak ke
Main aage ja raha hu
Ye jo fisal fisal ke
Main piche aa raha hu

Ye jo pighal pighal ke
Main behta ja raha hu
Ye jo sisak sisak ke
Main aahe aa raha hu…

Niche hai khaiyaan
Aur main kaanp raha hu
Par zinda hu abhi
Abhi haf raha hu
Aise pehle bhi chadha hu main
Ek kachha ghada hu main

Ek to raahon mein babool bahut hai
Uske upar se apne usool bahut hai
Uske upar se log tokte rehte hai
Ke rahgir bhai udhar jao udhar phool bahut hai

Ye jo hans rahi hai duniya
Meri nakamiyon pe
Tane kas rahi hai duniya
Meri nadaniyon pe

Par main kaam kar raha hu
Meri sari khamiyon pe
Kal ye marenge taali
Meri kahaniyon pe

Kal jo badlegi hawa
Ye saale sharmayege
Humare apne ho kehke
Ye baahe garmaayenge

Kyonki ziddi bada hu main
Ek kacha ghada hu main
Fir bhi barsaat mein
Khada hu main

Boonde bereham hai
Unko ye vehem hai
Ki main toot raha hu
Jo main cheekh raha hu

Par wo bewakoof hai
Main to seekh raha hu
Aise pehle bhi lada hu main
Ek kacha ghada hu main…"
3,Agar Tum Saath ho,Kuhoo/Sakshi,3,"Lyrics
Pal bhar thahar jaao

Dil ye sambhal jaaye

Kaise tumhe roka karun

Meri taraf aata har gham phisal jaaye

Aankhon mein tum ko bharun

Bin bole baatein tumse karun

‘gar tum saath ho..

Agar tum saath ho

Behti rehti..

Nahar nadiya si teri duniya mein

Rs 1 Trial
Meri duniya hai teri chaahaton mein

Main dhal jaati hoon teri aadaton mein

‘gar tum saath ho

Teri nazron mein hai tere sapne

Tere sapno mein hai naraazi

Mujhe lagta hai ke baatein dil ki

Hoti lafzon ki dhokebaazi

Tum saath ho ya na ho kya fark hai

Bedard thi zindagi bedard hai

Agar tum saath ho

Agar tum saath ho

Palkein jhapakte hi din ye nikal jaaye

Bethi bethi bhaagi phirun

Meri taraf aata har gham phisal jaaye

Aankhon mein tum ko bharun

Bin bole baatein tumse karun

‘gar tum saath ho

Agar tum saath ho

Teri nazron mein hai tere sapne

Tere sapno mein hai naraazi

Mujhe lagta hai ke baatein dil ki

Hoti lafzon ki dhokebaazi

Tum saath ho ya na ho kya fark hai

Bedard thi zindagi bedard hai

Agar tum saath ho

Dil ye sambhal jaaye

(Agar tum saath ho)

Har gham phisal jaaye

(Agar tum saath ho)

Din ye nikal jaaye

(Agar tum saath ho)

Har gham phisal jaaye"
4,Mann Ki Lagan,Utkarsh,4,"[Original composition 'Mann Ki Lagan' by Utkarsh]
o laagi tum se man ki lagan

lagan laagi tum se man ki lagan

lagan laagi tum se man ki lagan

lagan laagi tum se man ki lagan

gali gali ghume dil tujhe dhundhe

gali gali ghume dil tujhe dhundhe

tere bin tarse nayan

lagan laagi tum se man ki lagan

lagan laagi tum se man ki lagan

lagan laagi tum se man ki lagan

Rs 1 Trial
lagan laagi tum se man ki lagan

aa ja o meri jaan mere dil ka jahaan

maange teri khabar dhundhe tera nishaan

laagi tum se man ki lagan

lagan laagi tum se man ki lagan

lagan laagi tum se man ki lagan

lagan laagi tum se man ki lagan

gali gali ghume dil tujhe dhundhe

gali gali ghume dil tujhe dhundhe

tere bin tarse nayan

lagan laagi tum se man ki lagan

lagan laagi tum se man ki lagan

lagan laagi tum se man ki lagan

lagan laagi tum se man ki lagan

tera tujhko saunp de kya laagat hai mor

mera mujhme kuchh naahi jo hovat so tor

tere bin mera man jaise ban me hiran

jaise pagli pawan

laagi tum se man ki lagan

lagan laagi tum se man ki lagan

lagan laagi tum se man ki lagan

lagan laagi tum se man ki lagan"
5,Kali Kali Jhulfe,Darsh,5,"verse
Aap is tarah to hosh udaaya na kijiye
Aap is tarah to hosh udaaya na kijiye
Yun ban-sanwar ke samne aaya na kijiye
chorus
Kali-kali zulfon ke phande na daalo
Kali-kali zulfon ke phande na daalo
Humein zinda rehne do, ae husnwaalo
Kali-kali zulfon ke phande na daalo
Humein zinda rehne do, ae husnwaalo
Kali-kali zulfon ke phande na daalo
Humein zinda rehne do, ae husnwaalo
Kali-kali zulfon ke...
Kali-kali zulfon ke phande na daalo
Kali-kali zulfon ke phande na daalo
Humein zinda rehne do, ae husnwaalo
verse
Na chhedo humein, hum sataye huye hain
Na chhedo humein, hum sataye huye hain
Bahut zakhm seene pe khaye huye hain
Bahut zakhm seene pe khaye huye hain
Sitamagar ho tum, khoob pehchante hain
Sitamagar ho tum, khoob pehchante hain
Tumhari adao ko hum jaante hain
Tumhari adao ko hum jaante hain
Daghabaaz ho tum, sitam dhanewaale
Daghabaaz ho tum, sitam dhanewaale
Fareb-e-mohabbat mein ulajhanewaale
Fareb-e-mohabbat mein ulajhanewaale
Yeh rangi kahani tumhin ko mubarak
Yeh rangi kahani tumhin ko mubarak
Tumhari jawani tumhin ko mubarak
Tumhari jawani tumhin ko mubarak
pre-chorus
Humari taraf se nigahein hata lo
Humein zinda rehne do, ae husnwaalo
chorus
Kali-kali zulfon ke phande na daalo
Humein zinda rehne do, ae husnwaalo
Kali-kali zulfon ke phande na daalo
Humein zinda rehne do, ae husnwaalo
Kali-kali zulfon ke phande na daalo
Humein zinda rehne do...
Kali-kali zulfon ke phande na daalo
verse
Sambhalo zara apna aanchal gulabi
Sambhalo zara apna aanchal gulabi
Dikhao na hans-hans ke aankhein sharabi
Dikhao na hans-hans ke aankhein sharabi
Sulook inka duniya mein achchha nahin hai
Sulook inka duniya mein achchha nahin hai
Haseeno pe humko bharosa nahin hai
Haseeno pe humko bharosa nahin hai
Uthate hain nazare to girti hai bijli
Uthate hain nazare to girti hai bijli
Ada jo bhi nikali, qayamat hi nikali
Ada jo bhi nikali, qayamat hi nikali
Jahan tumne chehre se aanchal hataya
Jahan tumne chehre se aanchal hataya
Wahin ae-haal-dil ko tamaasha banaya
Wahin ae-haal-dil ko tamaasha banaya
pre-chorus
Khuda ke liye hum pe dore na daalo
Humein zinda rehne do, ae husnwaalo
chorus
Kali-kali zulfon ke phande na daalo
Humein zinda rehne do, ae husnwaalo
Kali-kali zulfon ke phande na daalo
Humein zinda rehne do, ae husnwaalo
outro
Kali-kali...
Kali-kali...
Kali-kali zulfon ke phande na daalo
Phande na daalo, phande na daalo
Kali-kali zulfon ke...
Kali-kali zulfon ke phande na daalo
Humein zinda rehne do, ae husnwaalo"
6,Do Din Ki Zindagi Hai (Kabir),Ashish,6,"[Musical interpretation of Kabir's philosophy by Ashish]

Iss kaya ka hai bhag bhag bin paya nahin jata,

Karm bina naseeb tod phal, khaya nahin jata.

Kahe satnaam jag ye, jhootha jhamela,

Kya lekar aya re bandeh, kya lekar jayega?

Do din ki zindagi hai, do din ka mela,

Iss jagat-saraye mein musafir rehna do din ka,

Kyun veertha kare guman moorakh is dhan aur jouvan ka !

Nahin bharosa pal ka, nahin bharosa pal ka,

Yunhi mar jayega.

Kya lekar aya re bandeh, kya lekar jayega?

"
7,Kive Mukhde To Nazra,Kuhoo/Sakshi,7,"haaaaaa aaaaaann haaaaan


kiven mukkhde ton nazran hatawan
kiven mukkhde ton nazran hatawan
na tere jeha hor disda...
na tere jeha hor disda.

jee karda me tenu vekhi javan...
jee karda me tenu vekhi javan...

na tere jeha hor disda...
na tere jeha hor disda...
ranjjhannaa.........





tu mera mein teri hoyi ..
tere warga hor na koi
tu mera mein teri hoyi ..
tere warga hor na koi

tere kadma ch mil jaan thawan
tere kadma ch mil jaan thawan


na tere jeha hor disda...
na tere jeha hor disda...
ranjhana...


music...


tere naal zindagi di wasdi bahar ve..
tuhiyo channa sukh mera
tuhiyo channa pyar ve
tere naal zindagi di wasdi bahar ve..
tuhiyo channa sukh mera
tuhiyo channa pyar ve

cheeti aaja hun takdi han rahwaan...
cheeti aaja hun takdi han rahwaan..

na tere jeha hor disda..
na tere jeha hor disda
ranjhana ....


music,....

teri deed nu tarsaia akhiyan..
tak tak teriyan rahwan thakiyan..
teri deed nu tarsaia akhiyan..
tak tak teriyan rahwan thakiyan.


jaa ve sajna tu laa gya laaraa..
jhoothe sajna tu laa gya laaraa...

naa tere jeha hor disda...
naa tere jeha hor disda...

ranjhana...haaa haaa"
8,Saanson Ki Mala,Darsh,8,"Sanson Ki Mala Pe

Sanson Ki Mala Pe Simroon Main Pi Ka Naam

Sanson Ki Mala Pe Simroon Main Pi Ka Naam

Prem Ke Path Pe Chalte Chale Ho Gayee Main Badnaam

Sanson Ki Mala Pe Simroon Main Pi Ka Naam

Sanson Ki Mala Pe Simroon Main Pi Ka Naam

Prem Ke Path Pe Chalte Chale Ho Gayee Main Badnaam

Sanson Ki Mala Pe Simroon Main Pi Ka Naam

Jeevan Ka Singar Hai Preetam

Maang Ka Hai Sindoor

Rs 1 Trial
Maang Ka Hai Sindoor

Jeevan Ka Singar Hai Preetam

Maang Ka Hai Sindoor

Maang Ka Hai Sindoor

Preetam Ki Nazroon Se Gir Ke Hai Jeena Kis Kaam

Sanson Ki Mala Pe Simroon Main Pi Ka Naam

Sanson Ki Mala Pe Simroon Main Pi Ka Naam

Prem Ke Path Pe Chalte Chale Ho Gayee Main Badnaam

Sanson Ki Mala Pe Simroon Main Pi Ka Naam

Aaaa

Dhanp Liya Palkon Mein Tujhko

Band Kar Liye Nain

Band Kar Liye Nain

Dhanp Liya Palkon Mein Tujhko

Band Kar Liye Nain

Band Kar Liye Nain

Tu Mujhko Main Tujhko Dekhoon Gairon Ka Kya Kaam

Sanson Ki Mala Pe

Sanson Ki Mala Pe Simroon Main Pi Ka Naam

Prem Ke Path Pe Chalte Chale Ho Gayee Main Badnaam

Sanson Ki Mala Pe Simroon Main Pi Ka Naam

Sanson Ki Mala Pe Simroon Main Pi Ka Naam

"
9,Aye Zindagi Gale Laga Le,Utkarsh,9,"Aye zindagi gale laga le
Aye zindagi gale laga le
Humne bhi tere har ik gham ko
Gale se lagaya hai, hai na!
Aye zindagi gale laga le
Aye zindagi..

Humne bahaane se, chhup ke zamaane se
Palkon ke parde mein ghar kar liya
Humne bahaane se, chhup ke zamaane se
Palkon ke parde mein ghar kar liya
Tera sahara mil gaya hai zindagi
La la la la la la la
Tera sahara mil gaya hai zindagi

Aye zindagi gale laga le
Aye zindagi gale laga le
Humne bhi tere har ik gham ko
Gale se lagaya hai, hai na!
Aye zindagi gale laga le
Aye zindagi..

Chhota sa saya tha aankhon mein aaya tha
Humne do boondon se man bhar liya
Chhota sa saya tha aankhon mein aaya tha
Humne do boondon se man bhar liya
Humko kinara mil gaya hai zindagi
La la la la la la la
Humko kinara mil gaya hai zindagi

Aye zindagi gale laga le
Aye zindagi gale laga le
La la la la la la la la la
La la la la la la la la la hai na
Aye zindagi gale laga le
Gale laga le
Gale laga le
Gale laga le
O.. gale laga le

"
10,Jitna Kam Saman Rahega ,Akash,10,"10. जितना कम सामान रहेगा
    जितना कम सामान रहेगा उतना सफ़र आसान रहेगा
    जितनी भारी गठरी होगी उतना तू हैरान रहेगा
    उस से मिलना ना-मुमकिन है जब तक खुद का ध्यान रहेगा
    हाथ मिलें और दिल न मिलें ऐसे में नुकसान रहेगा
    जब तक तेरा और मेरा है खतरे में इंसान रहेगा
    “नीरज” कल तू यहाँ न होगा उस का गीत विधान रहेगा

11. हम चलेंगे साथ मिलकर साथ चलेंगे हम
12. मोला मोला लाख पुकारे
13. निर्गुण गलियां
14. पियू जी बिना हमरौ प्राण परे हमारि हेली
15. हम को जोड़ें एक साथ किसका नाम संविधान"
28,Moko Kahaan Dhoonde Re Bande,Ashish,11,"Moko Kahan Dhundhere Bande
Mein To Tere Paas Mein
Na Teerath Mein, Na Moorat Mein
Na Ekant Niwas Mein
Na Mandir Mein, Na Masjid Mein
Na Kabe Kailas Mein
Main To Tere Paas Mein

Oh Follower, Where do you search me?
I am always with you
Not in pilgrimage, nor in statues
Neither in solitude
Not in temples, nor in the mosque
Neither in the Kabha nor in Kailash
I am with you, oh follower


Bande Mein To Tere Paas Mein
Na Main Jap Mein, Na Main Tap Mein
Na Mein Barat Upaas Mein
Na Main Kiriya Karm Mein Rehta
Nahin Jog Sanyas Mein
Nahin Pran Mein Nahin Pind Mein
Na Brahmand Akas Mein

I am always with you
Not in prayers, nor in meditation
Neither in fasting
Not in yogic exercises
Neither in renunciation
Neither in the soul, nor in the body
Not even in the infinite space

Na Mein Prakuti Prawar Gufa Mein
Nahin Swasan Ki Swans Mein
Khoji Hoye Turat Mil Jaoon
Ik Pal Ki Talas Mein
Kahat Kabir Suno Bhai Sadho
Mein To Hun Viswas Mein

Neither in the womb of Nature
Not in the breath of the breath
Seek earnestly and you will discover me
In but a moment of search
Listen with care, says Kabir
Where your faith is, I am there."
12,Tere Bina Na Guzaara Ye ,Darsh,12,"Pehlan tere nain main dekhe,

Fer dekheya tenu ni
(Pehlan tere nain main dekhe,
Fer dekheya tenu ni)

Chheti aake milja biba,
milja aake menu ni
(Chheti aake milja biba,
milja aake menu ni)
O vasson bahr dil ho geya,
Vasson bahr dil ho geya


Koi chalda na chara e,

Tere bina na guzara e
Koi chalda na chara e,
Tere bina na guzara e

Tere mathe di lat sajni,

Sajda menu kardi e
(Tere mathe di lat sajni,
Sajda menu kardi e)


Mere gal di gaani sohni,
Tera hi dum bhardi e

Ni dil mera hona sochda,
Ni ikk vaari hona sochda

Akh teri vala taara e,

Tere bina na guzara e
sajna da sahara e
tere bina na guzara e

Moran vargi toran turdi,

Hirni vargiye kudiye ni
(Moran vargi toran turdi,
Hirni vargiye kudiye ni)


Apne ghar val jaande jaande,
Tere ghar val mudiye ni
(Apne ghar val jaande jaande,
Tere ghar val mudiye ni)

Jo pyaar tere naal hogeya,
Pyaar tere naal hogeya

Ainve hona na dubara e,

Tere bina na guzara e

Sajna da sahara e,
Tere bina na guzara e


Mere naa di hath tere te,

Lagni billo mehndi e
(Mere naa di hath tere te,
Lagni billo mehndi e)

Mere naa di,
Mere naa di,
Tere hath lagni,
Mehndi e

Mere naa di hath tere te,
Lagni billo mehndi e
(Mere naa di hath tere te,
Lagni billo mehndi e)

Meri tu v hona chaundi,
Akh teri eh kehndi e
(Meri tu v hona chaundi,
Akh teri eh kehndi e)

Ni gal lag mil sohniye,

Teriyan udeekan karda

Khada gabru kuwara e,
Tere bina na guzara e

Sajna da sahara e,
Tere bina na guzara e,

Tere bina na guzara e,
Tere bina na guzara e"
13,Ranjheya Ve,Kuhoo/Sakshi,13,"Dum naal dum bharaangi, Ranjheya ve
Dum naal dum bharaangi, Ranjheya ve
Jivein kahvenga, karaangi, Ranjheya ve
Jivein kahvenga, karaangi, Ranjheya ve
Dum naal dum bharaangi, Ranjheya ve
Dum naal dum bharaangi, Ranjheya ve
Jivein kahvenga, karaangi, Ranjheya ve
Jivein kahvenga, karaangi, Ranjheya ve
Mera jism te jaan, imaan vi tu
Mera jism te jaan, imaan vi tu
Mera Rabb, Rasool, Quran vi tu
Mera Rabb, Rasool, Quran vi tu
Sir qadmaan 'te dharaangi, Ranjheya ve
Sir qadmaan 'te dharaangi, Ranjheya ve
Jivein kahvenga, karaangi, Ranjheya ve
Jivein kahvenga, karaangi, Ranjheya ve
Tere hukum 'te jaan nisaar kar saan
Tere hukum 'te jaan nisaar kar saan
Tainu, sohneya, rajj ke pyaar kar saan
Tainu, sohneya, rajj ke pyaar kar saan
Tera paani vi bharaangi, Ranjheya ve
Tera paani vi bharaangi, Ranjheya ve
Jivein kahvenga, karaangi, Ranjheya ve
Jivein kahvenga, karaangi, Ranjheya ve
Mukh modna yaar da kamm naahi
Mukh modna yaar da kamm naahi
Yaari todna pyaar da kamm naahi
Yaari todna pyaar da kamm naahi
Tere naal main maraangi, Ranjheya ve
Tere naal main maraangi, Ranjheya ve
Jivein kahvenga, karaangi, Ranjheya ve
Jivein kahvenga, karaangi, Ranjheya ve
Dum naal dum bharaangi, Ranjheya ve
Jivein kahvenga, karaangi, Ranjheya ve
Dum naal dum bharaangi, Ranjheya ve
Jivein kahvenga, karaangi, Ranjheya ve
Jivein kahvenga, karaangi, Ranjheya ve
Kahvenga, karaangi, Ranjheya ve"
14,Fakiri (Kabir),Ashish,14,"इंसान के रहिम राम के आगे
ईश्वर के हर नाम के आगे
भक्तों के काफ़िर के आगे
शुन्य प्रथम आख़िर के आगे
हो खड़ा रे कबिर पहने अपनी ग़रीबी
सीना ठोके छाणता है अपनी फक़ीरी
दुनिया का भय नहीं बोले सच्ची बोली रे
छिनेगा क्या कोई उससे खाली उसकी झोली रे
बड़ी ताकत है ग़रीबी में
जो सुख पायो राम भजन में, हो
जो सुख पायो राम भजन में
जो सुख पायो राम भजन में
वो सुख नाही अमीरी में, हो हो
वो सुख नाही अमीरी में
मन लागो मेरो यार ग़रीबी में
मन लागो मेरो यार फक़ीरी में
मन लागो मेरो यार ग़रीबी में
मन लागो मेरो यार फक़ीरी में
मन लागो मेरो यार ग़रीबी में
आख़िर ये तन ख़ाख़ में मिलेगा, हो
आख़िर ये तन ख़ाख़ में मिलेगा
आख़िर ये तन ख़ाख़ में मिलेगा
क्यों फ़िरै मग़रूरी में, हो हो
क्यों फ़िरै मग़रूरी में
मन लागो मेरो यार ग़रीबी में
मन लागो मेरो यार फक़ीरी में
कहे कबीर सुनौ भई साधो
कहे कबीर सुनौ भई साधो
कहे कबीर सुनौ भई साधो
साहिब मिलेगा सबुरी में, हो हो
साहिब मिलेगा सबुरी में
मन लागो मेरो यार ग़रीबी में
मन लागो मेरो यार फक़ीरी में
मन लागो मेरो यार ग़रीबी में
मन लागो मेरो यार फक़ीरी में
हो, मन लागो मेरो यार ग़रीबी में
हो, मन लागो मेरो यार फक़ीरी में
हो मन"
15,Tu Hai Toh,Darsh,15,"Pehli hi nazar mein tu
Dil mein mere aane lagi
Jaadu si chhane lagi kyun bata

Neendein veendein udd jaane lagi
Saari raat jagaane lagi
Shayari likhwane lagi kyun bata

Jaane ve jaane gallan dilbar jaana ve
Sachha je ishq hove mil hi jaana ve

Tu hai main chahun jise
Tu hai main maangun jise
Tu hai tu dil mein rahe
Tu hai

Tu hai mera saara jahan
Tu hai toh mushqil kahan
Tu hai saari manzilein
Tu hai

Meethi meethi baatein teri
Pyari pyari aankhein
Kyun tu mujhe ab mera
Apna sa laage

Pal pal har pal sath mere rehna
Saare shehar mein bas
Tu hi mera laage

Je tu na mileya te haaye
Main mar jaana ve
Sachha je ishq hove mil hi jaana ve

Tu hai to sab hai yahin
Tu hai meri saari khushi
Tu hai haan tu hi to hai
Tu hai

Tu hai main chahun jise
Tu hai main maangun jise
Tu hai jo dil mein rahe
Tu hai

Tu hai mera saara jahan
Tu hai tu mushqil kahan
Tu hai saari manzilein
Tu hai

Tu hai tu hai tu hai tu hai
Tu hai tu hai, tu hai

Tu hai tu hai tu hai tu hai
Tu hai tu hai, tu hai
Tu hai"
16,Pyar Hame Kis Mod Par Le Aaya,Utkarsh,16,"Tum ne vo kya dekha jo kaha deevana

Hum ko nahin kuchh samajh zara samajhana

Pyar mein jab bhi aankh kahin lad jaaye

Tab dhadkan aur bechaini bad jaaye

Jab koi ginta hai raaton ko taare

Tab samjho use pyar ho gaya pyare

Pyaar Tumein kis mod pe le aaya

Ke dil kare haye, haye koi to bataye, kya hoga

Pyaar humein kis mod pe le aaya

Ke dil kare haye, haye koi to bataye, kya hoga

Rs 1 Trial
Battiyan bujhaa do.... are batti to bujha do yaar

Battiyan bujhaa do ke neend nahin aati hai

Battiyan bujhane se bhi neend nahin aaegi

Battiyan bujhane vaali jaane kab aaegi

Shor na machao varana bhabhi jaag jaaegi

Pyaar Tumhein kis mod pe le aaya

Ke dil kare haye, haye koi to bataye, kya hoga

Pyaar humein kis mod pe le aaya

Ke dil kare haye, haye koi to bataye, kya hoga

Are hoga kya, chalo ladkiyon ko leke aao

Pyaar Tumhein kis mod pe le aaya

Ke dil kare haye, koi to bataye, kya hoga

Pyaar humein kis mod pe le aaya

Ke dil kare haye, haye koi to bataye, kya hoga

Aakhir kya hai aisi bhi majaboori

Mil gaye dil phir bhi kyon hai ye doori

Are, dam hai to unase chheen ke le aayenge

Di na ghar vaalon ne agar manzoori

Dam hai to unase chheen ke le aayenge

Di na ghar vaalon ne agar manzoori

Pyaar humein kis mod pe le aaya

Ke dil kare haye, haye koi to bataye, kya hoga .... (x2)

"
17,Dhadak,Kuhoo/Sakshi,17,"Marhami Sa Chaand Hai Tu
You are a calming Moon
Diljala Sa Main Andhera…
While I am a heart-burnt darkness
Ek Dooje Ke Liye Hain
We are always there for each other
Neend Meri Khwaab Tera…
My sleep and Your dreams

Tu Ghata Hai Phuhaar Ki
You are the rain-filled cloud
Main Ghadi Intezaar Ki
While I am the moment of wait
Apna Milna Likha Issi Baras Hai Na…
Is our meet destined in this coming rainy season?

Jo Meri Manzilon Ko Jaati Hai
The one that reaches my destination
Tere Naam Ki Koi Sadak Hai Na
Is that road known(called) by Your name?
(Are You the road to my destination?)
Jo Mere Dil Ko Dil Banaati Hai
The one that makes my heart a heart
Tere Naam Ki Koi Dhadak Hai Na
Is that heartbeat known by Your name?
(Are You the heartbeat in my heart?)

Aaa… Aaa…

Ho… Koi Bandhani Joda Odh Ke
After wearing a wedding gown
Babul Ki Gali Aaun Chhod Ke
I will leave my father’s place
Tere Hi Liye Laaungi Piya
And I will bring for You
Solah Saal Ke Saawan Jod Ke
The sixteen seasons of rainfall all together
Pyaar Se Thaamna Dor Bareek Hai
Hold it with love, this thread is fragile
Saat Janmon Ki Yeh Pehli Tareekh Hai
This is the first day of our seven rebirths to come
(This is the first day of our saga of love)

Dor Ka Ek Main Sira Aur Tera Hai Doosra
I am at one end of the thread while You are at the other
Jud Sake Beech Mein Kayi Tadap Hai Na
So many restless feelings can get joined in this thread

Jo Meri Manzilon Ko Jaati Hai
The one that reaches my destination
Tere Naam Ki Koi Sadak Hai Na
Is that road known by Your name?
Jo Mere Dil Ko Dil Banaati Hai
The one that makes my heart a heart
Tere Naam Ki Koi Dhadak Hai Na
Is that heartbeat known by Your name?
"
18,Laiyan Laiyan,Ashish,18,"[Intro]
Hmm, hmm

[Pre-Chorus]
Laiyaan laiyaan main tere naal dholna
Ve laiyaan laiyaan main tere naal dholna

[Chorus]
Ik dil si reha, mere kol na
Ve main lutti gayi aan
Dholna ve main lutti gayi aan
Laiyaaan laiyaaan

[Verse 1]
Hmm, sadran de boohe ve main tere layi khole
Howin na tu kadi hun akhian to ohle
Tere naal tarna , tere naal dubna
Tere naal jeena , tere naal marna

[Pre-Chorus]
Pyar mera tu takri ch tol na
Ve pyar mera tu takri ch tol na

[Chorus]
Ik dil si reha , mere kol na
Ve main lutti gayi aan
Dholna ve main lutti gayi aan
Laiyaaan laiyaaan
See upcoming pop shows
Get tickets for your favorite artists

You might also like
Family Matters
Drake
Mockingbird
Eminem
Atif Aslam - Dil Diyan Gallan (Romanized)
Genius Romanizations

[Verse 2]
Tu jo chuu le pyar se
Aaram se mar jaaun
Aaja chanda baahon mein
Tujh mein hi gum ho jayuu main

[Outro]
Saiyaan
Saiyaan




"
19,Teri Deewani,Darsh,19,"prit kee lath mohe aisee lagee, ho gayee mai matwalee
bal bal jaun apne piya ko, ke mai jaun varee varee
mohe sudh budh naa rahe tan mann kee, yeh toh jane duneeya saree
bebas aur lachar phiru mai, haree mai dil haree

tere nam se jee lu, tere nam se marr jau - (2)
teree jan ke sadke me kuchh aaisa kar jau
(tune kya kar dala, marr gayee mai mitt gayee mai
ho ree ha ha ree ho gayee mai, (teree divanee divanee -2)) - (2)

ishk junun jab hadh se badh jaye - (2)
hanste hanste aashik sulee chadh jaye
ishk kaa jadu sar chadhkar bole
khub laga lo pehre raste rab khole
yahee ishk kee marjee hain, yahee rab kee marjee hain - (2)
tere bin jina kaisa ???
tune kya kar dala marr gayee mai mitt gayee mai
ho ree ha ha ree ho gayee mai, (teree divanee divanee -2)

ke mai rang rangilee divanee -2, ke mai albelee mai mastanee
gaun bajaun sabko rijhau, he ??? se beganee
ke mai divanee mai divanee
tere nam se jee lu tere nam se marr jau
tere jan ke sadle me kuchh aaisa kar jau
tune kya kar dala marr gayee mai mitt gayee mai
ho ree ha ha ree ho gayee mai, (teree divanee divanee -4)
"
20,Tum se hi,Kuhoo/Sakshi,20,"Aa Aa..Aa Aa…Aa Aa..Aa Aa.. Aa..

Na Hai Yeh Pana

Na Khona He Hai

Tera Na Hona, Jaane

Kuyn Hona He Hai

Tum Se Hi Din Hota Hai

Surmayi Shaam Aati Hai

Tum Se Hi Tum Se Hi

Har Ghadi Saans Aati Hai

Zindagi Kehlati Hai

Rs 1 Trial
Tum Se Hi Tum Se Hi

Na Hai Yeh Pana

Na Khona Hi Hai

Tera Na Hona, Jaane

Kuyn Hona Hi Hai

Aa Aa..Aa Aa…Aa Aa..Aa Aa.. Aa..

Aankho Mein Aankhe Teri

Bahoo Mein Bahe Teri

Mera Na Mujh Mein Kuch Raha

Hua Kya

Bathon Mein Bathein Teri

Rathe Saogathe Meri

Kuyn Tera Sab Yeh Ho Gaya

Hua Kya

Mein Kahin Bhi Jaata Hun

Tum Se Hi Mil Jatha Hun

Tum Se Hi Tum Se Hi

Shor Mein Khamoshi Hai

Thodi Si Behoshi Hai

Tum Se Hi Tum Se Hi

Aa Aa Aa Aa Aa Aa…

Aadha Sa Vada Kabhi

Aadhe Se Zyada Kabhi

Jee Chahe Karlu Is Tarah

Wafa Ka

Chode Na Chute Kabhi

Tode Na Toote Kabhi

Jo Daga Tum Se Jud Gaya

Wafa Ka

Mein Tera Sarmaya Hu

Jo Bhi Mein Ban Paya Hu

Tum Se Hi Tum Se Hi

Raaste Mil Jate Hai

Manzile Mil Jati Hai

Tum Se Hi Tum Se Hi

Na Hai Yeh Pana

Na Khona He Hai

Tera Na Hona, Jaane

Kuyn Hona He Hai

Aa Aa Aa Aa Aa Aa …

"
21,Mera Pehla Pehla Pyar,Darsh,21,"Kyun kyun kyun

Move your body baby

Move like this move like that

You goov your body like this like that

Thats y i do mp3

Kyun kyun kyun...ok..here we go

Naa jaane kabb yeh huaa

Naa kissi ko khabaar

Naa khud ko paata

Rs 1 Trial
Khoye khoye rehte hum yaha hai

Sillsilon ka silsila hai

Hua shuru joh abb nikale bhi jaa

Abb se hai hum raahi chhaton ke

Yeh jaise pehla nasha

Woh pehali nazar woh pehla khumaar

Yunn lagge mohaabat hi jahhan hai

Dostoon ki dosti yaroon ki yaari kam lagne lagi

Behke hai hum behka yeh saama hai

Kaise tumhe samzzhauun yeh hai

Mera pehla pehla pyaar hai yeh..whooo

Aankhon main aitbaar hai yeh..whoo.....(x2)

Mera pehla pehla pyaar

Phase to begin

Aur being in love

Thats y i do mp3

Haawa bhi mili thi humme

Zhookom main puuch rahi thi

Pyaar nahi hai toh phir yeh kya hai

Hai aasmaan tu bhi aaj kal sang chalta hai

Saath lete chaand taare

Kaise tumhe samzzhauun yeh hai

Mera pehla pehla pyaar hai yeh..whooo

Aankhon main aitbaar hai yeh..whoo.....(x2)

Mp3....

Kyun kyun kyun...."
22,Neele Neele Ambar Par,Utkarsh,22,"
Yo Yo Neele neele ambar par chaand jab aaye

Pyaar barsaaye humko tarsaaye

Aisa koi saathi ho aisa koi premi ho

Pyaas dil ki bujha jaaye

Neele neele ambar par chaand jab aaye

Pyaar barsaaye humko tarsaaye

Oh oonche oonche parvat jab choomte hain

ambar ko

Pyaasa pyaasa ambar jab choomta hai saagar ko

Oonche oonche parvat jab choomte hain ambar

Rs 1 Trial
ko

Pyaasa pyaasa ambar jab choomta hai saagar ko

Pyaar se kasne ko baahon mein basne ko

Dil mera lalchaaye koi to aa jaaye

Aisa koi saathi ho aisa koi premi ho

Pyaas dil ki bujha jaaye

Neele neele ambar par chaand jab aaye

Pyaar barsaaye humko tarsaaye

Oh thande thande jhonke jab baalon ko sehlayein

Tapti tapti kirnen jab gaalon ko chhoo jayein

Thande thande jhonke jab baalon ko sehlayein

Tapti tapti kirnen jab gaalon ko chhoo jayein

Saanson ki garmi ko haathon ki narmi ko

Mera mann tarsaaye koi to chhoo jhaaye

Aisa koi saathi ho aisa koi premi ho

Pyaas dil ki bujha jaaye

Neele neele ambar par chaand jab aaye

Pyaar barsaaye humko tarsaaye"
23,Piya Ree,Darsh,24,""Piya re piya re piya re piya re...

thare bina lage nahi mhara jiya re.

ho.

Naino ne thari kaisa jadoo kiya re.

thare bina lage nahi mhara jiya re.ho

thare bina lage nahi mhara jiya re.

piya re...

Thare bina mohe chain na aave.

dhak dhak dhak mhara jee ghabrave.

bole baansuriya sunn le saavariyan.x2

Rs 1 Trial
thare bina mohe kuchh nahi bhave.

piya re piya re piya re piya re piya re

thare bina lage nahi mhaara jiya re ho...

thare bina lage nahi mhara jiya re.

naino ne thari kaisa jadoo kiya re

thare bina lage nahi mhara jiya re.ho

thare bina lage nahi mhara jiya re.

pyaar ki kaliyan kab ki rakhiya.

raanva tak tak mai te takiyaan

saanj savere dekhan laage X2

thari suratiyan mhari ankhiyan.

piya re piya re piya re piya re...

thaare bina lage nahi mhara jiya re.

ho.

Thare bina lage nahi mhara jiya re...

naino ne thari kaisa jadoo kiya re.

thaare bina lage nahi mhara jiya re.ho.

thare bina lage nahi mhara jiya re.

piya re piya re piya re piya re.

thaare bina laage nahi mhara jiya re

ho.

Thaare bina lage nahi mhara jiya re

"
11,Janam Janam,Ashish,25,"Janam janam

Ho tu hi mere pass maa

Janam janam

Ho tu hi zameen aasman

Janam janam

Ho tu hi mere pass maa

Janam janam

Ho tu hi zameen aasman

Ye hai khabar, Dil mein kahin

Rab rehta hai darbadar

Rs 1 Trial
Mere dil mein rehti,

Bholi bhali meri maa

Mere dil mein rehti,

Bholi bhali meri maa

Pagli hai duniya, rab ko manane

Mandir mazaaro, tak jaati hai

Ghar mein hi mere, hota hai teerath

Mujhko nazar jab, maa aati hai

Mujhko nazar jab, maa aati hai

Janam janam

Meri ardaas maa

Janam janam

Tu mera ehsaas maa

Sach ka pata dil mein hi hai

Par mujhko ye pata

Mere dil mein rehti,

Bholi bhali meri maa

Mere dil mein rehti,

Bholi bhali meri maa

Bachpan se ab tak

Maa se kya seekha

Main ye jahan ko batlaunga

Jab naaz hoga, tumko bhi mujh pe

Woh din yakeenan, main laaunga

Woh din yakeenan, main laaunga

Janam janam

Ho tera vishwaas maa

Janam janam

Rahun main tere paas maa

In khwahishon in koshishon

se pehle toh magar

Mere dil mein rehti,

Bholi bhali meri maa

Mere dil mein rehti,

Bholi bhali meri maa

"
27,Illahi Mashup,Ashish,26,"Na maaregi deewangi meri
Na maaregi aawargi meri
Ki maaregi zyada mujhe
Maut se
narazagi teri

Kyun itna hua hai tu khafa
Hai zidd kis baat ki teri
Ki maaregi zyada mujhe
Maut se narazagi teri

Jaan ‘nisaar hai jaan nisaar
Tere pyaar pe mere yaar

Jaan nisaar hai, ohoooho


Duniya zamaane se
Rishte mitaye hai
Tujhse hi yaari hai hamari
Ek baar to aa

Ho maine nibhaya hai
Kar ke dikhaya hai
Le teri baari
Ek vaari tu bhi pyaar nibha

Tu bhi pyaar nibha
Oo yaara

Teri berukhi se hai badi
Umar intezaar ki meri
Ki maaregi zyada mujhe
Maut se narazagi teri


Jaan ‘nisaar hai jaan nisaar
Tere pyar pe mere yaar

Jaan nisaar hai, ohoooho"
24,Jaan Nisar,Darsh,,"[Chorus]
Na maaregi deewangi meri, na maaregi awaargi meri
Ke maaregi zyada mujhe maut se naraazagi teri
Kyun itna huaa hai tu khafa?
Hai zidd kis baat ki teri?
Ke maaregi zyada mujhe maut se naraazagi teri

[Post-Chorus]
Jaan ‘nisaar hai, jaan ‘nisaar
Tere pyaar pe mere yaar, jaan ‘nisaar hai

[Verse]
Duniya zamaane se rishte mitaaye hain
Tujhse hi yaari hai humari, ek baar to aa
Maine nibhaya hai, karke dikhaaya hai
Le teri baari, ik vaari tu bhi pyar nibha
Tu bhi pyaar nibha, o yaara

[Chorus]
Teri berukhi se hai badi, umar intezaar ki meri
Ke maaregi zyada mujhe maut se naraazagi teri
Kyun itna huaa hai tu khafa?
Hai zidd kis baat ki teri?
Ke maaregi zyada mujhe maut se naraazagi teri

[Post-Chorus]
Jaan ‘nisaar hai, jaan ‘nisaar
Tere pyaar pe mere yaar
Jaan ‘nisaar hai, jaan ‘nisaar
Tere pyaar pe mere yaar, jaan ‘nisaar hai"
25,Tujhse Naraz Nahi Zindagi,Utkarsh,,"Tujhse naaraz nahiin zindagi
Hairaan hoon main
O hairaan huun main
Tere masum sawaalon se
Pareshaan hoon main
O pareshaan hoon main
Tujhse naaraz nahiin zindagi
Hairaan hoon main
O hairaan huun main
Tere masum sawaalon se
pareshaan hoon main
O pareshaan hoon main

Jeene ke liye sochaa hi nahi
Dard sambhaalane honge
Jeene ke liye sochaa hi nahi
Dard sambhalane honge
Muskuraaye to muskuraane ke
Karz utarne honge
Ho muskurauun kabhii to lagataa hai
Jaise honthon pe karz rakha hai
Tujhse naaraaz nahiin zindagi
Hairaan hoon main
O hairaan huun main

Zindagi tere gam ne hamein
Rishte naye samajhaye
Zindagi tere gam ne hamein
Rishte naye samajhaaye
Mile jo hamein dhoop mein mile
Chaanv ke thande saaye
Ho tujhse naaraaz nahin zindagi
Hairaan hoon main
O hairaan huun main

Aaj agar bhar aai hain
Boondein baras jaayengi
Aaj agar bhar aai hain
Boondein baras jaayengi
Kal kyaa pataa inke liye
Aankhein taras jaayengi
Ho jaane kab gum hoya kaha khoyaa
Ek ansuun chhupaake rakhaa thaa
Ho tujhse naaraaz nahin zindagi
Hairaan hoon main
O hairaan huun main
Tere masum sawaalon se
Pareshaan hoon main
O pareshaan hoon main
O pareshaan hoon main
O pareshaan hoon main."
26,O Sanam,Ashish,,"Shaam Sawere teri yaadein aati hain

Aake dil ko mere yu tadpati hain

O Sanam Mohabbat ki kasam,

Milke bichad na to dastoor ho gaya

Yadoon mein teri majboor hogaya

O Sanam teri yadoon ki kasam

Samjhe zamaana ke dil he khilona

Jaana hai ab kya hai dil ka lagana

Nazroon se ab na humko girana

Mar bhi gaye toh bhul na jaana.

Rs 1 Trial
Ankhon mein bassee ho

Par door ho kaheen

Dil ke kareeb ho

Yeh mujhko hai yakeen

O Sanam tere pyar ki kasam

"
